stress	count
1	0
2	1.88679245283
3	4.71698113208
4	4.71698113208
5	9.90566037736
6	12.7358490566
7	23.1132075472
8	27.8301886792
9	9.43396226415
10	4.24528301887
