stress	count
1	0.239808153477
2	0.479616306954
3	3.83693045564
4	6.95443645084
5	7.19424460432
6	16.5467625899
7	29.4964028777
8	24.9400479616
9	6.71462829736
10	2.87769784173
